bidder,count
shetellia@aol.com,1
ivgen,1
davidsongirl2,1
the.hun,2
hhfgf,4
kfreyvog@tampabay.rr.com,4
soul.reaver,5
inside-i,1
bdonahue9@aol.com,2
alexiku,1
mlsrbrt@aol.com,1
jillam58,1
sandseller,5
k.l.pine,1
jvaynshtok,2
golfhacksaw,2
cbcolqunoun,1
yuriyshrifteylik@altavist,4
scandalmus@aol.com,7
valencil@gusun.georgetown,1
nychowderhead,1
sharpei1bellsouth,3
treasureking.com,1
various19735,1
fuzzy3028,1
ej7637,1
xela15,3
nola,2
marie0711,1
pialu9,5
azamora610@cs.com,4
cutecube@mac.com,2
page5@aol.com,2
inyerdrms,1
angelaleu,4
izzy87,2
peterfung@aol.com,3
cufflink@erols.com,1
robdennis@www.com,1
auntdotbids,2
dkbay,2
natasham,4
callawayjb@aol.com,1
kjr2306,2
treasureprincess,7
mkect10,2
nelsoncpm,2
airun101,1
jolielouise,1
hands157,1
ngow34,2
skkindvall@scottsbluff.ne,1
somto_offoh,2
orchidmktg@aol.com,6
stilepts@aol.com,2
12girl,1
conkun,1
kasika5,4
dscollier3,1
filmwear,1
amerland,1
rsency@disnow.com,1
latinirish,1
du38120,2
hora01,3
nsala12,2
mom_he_she_hitme,3
31strawberry,6
turbomausi,3
tea_pot_girl,1
jettie21,2
talwang,1
the.hammer,1
skw80104,2
xmjrplayerx@aol.com,1
bdsr1,6
philwl3290,2
jzdennis,8
otoo3,1
corradi19,3
bdoocean@aol.com,3
spartan@mindspring.com,5
berler@msn.com,2
soysoy75,2
hseldin,2
violinisimo,1
ysaac@aol.com,1
littlekittygirl,1
seriwan,1
dumbarton2715,3
gucci725,3
9lights,1
pereluzi00,4
helloz,1
bupper99,2
crazy4watches,5
timeatlast,2
sbord,1
gbcoins,2
mb@wellsref.com,2
dmitrienkor,1
sunkisses2001,1
zatop@excite.com,6
booba69,2
luxurysource001,2
darwal-dep,12
hot_rookie,1
1italian69,1
gregperry,2
5038scoopy,1
roysco,1
ox21c,1
steven1328,1
globalartcomm@aol.com,1
jmsolo,1
diamonddr1@aol.com,1
anasandak,6
finn69,1
klute1,1
pdhsu1,2
fortlaud.collection,1
birdkowsky,8
terryd2053,2
cnmba@aol.com,1
ssze88,1
boberlander@slk.com,3
bskttgrl,1
cheddaboy,2
annekilborn@hotmail.com,1
sjcnguyen,1
janss454@wxs.nl,1
hglinberg@aol.com,1
hjg6593,2
janno47,2
raritylink,3
rnb4,2
happyrova,17
carla_kroeze,2
tessieg.,5
orlanfs,3
cnelis,4
hugo44,6
jessica9810,1
tongyan,1
queendebi2000,2
gknguyen,1
maxwell_gems,3
clubmember,1
thehandmadens,3
esquared@home.com,2
compfc@aol.com,3
rsahaj@yahoo.com,1
scott@purplepicket.com,3
eyedoc42,1
whalen@northlink.com,2
gabz2383,2
jretrinidad,1
asianstar_pat,1
rrsumba,8
rolexaddict,2
kdrew@prodigy.net,1
carlondono,2
skyl,2
tennisart7@aol.com,1
englishteacher21,1
sactogroove,5
cunmrs,1
derek1881,2
whiteeagle@shadow.net,1
2mnyboxers,2
cutiepatutiesobe,4
timemachine2001,1
bahamawoman,1
pwr2mvu,3
aclbjc,4
avion1333@hotmail.com,5
ad48170,1
vpham.2000,1
lennonjasonmia@netzero.ne,2
porky1111,1
simonho2001sg,4
jjaslowski,3
richardgz,4
drob223,1
chrissiegurl,1
heres2you,1
diegorme,3
ellisek,2
ososer,2
lisalipman,1
debrittod,3
skygirlab,3
lemsgems,1
hillaryirene@earthlink.ne,2
surfingbig_boy,2
court_carreker,1
kiero1@webtv.com,2
millyjohn,1
froshie,1
spikeit1990,10
toadota,6
strongob,5
delux1cs,2
vleykin,4
feyapos,3
varvara_b,1
mapguy,3
esmodeus,2
sudohani,1
motion32,6
growingwild,6
sylvesterii,2
pro2cer@hotmail.com,1
k.s.cohen@verizon.net,9
janetfugarazzo,1
youmast,5
bosspad,10
roberts7@mindspring.com,1
tampa_tap,9
ps138,6
brotho,1
yokarine,4
b2hats,3
basilm@mediaone.net,2
bceezar1@aol.com,1
roticss,1
gram999,6
yung-wen,3
reed.nl,1
hhn1998,1
12345678bird,3
honey-marie,2
dre_313@yahoo.com,5
helvet,12
pablofennymore,1
njbirdmom,10
jakised@aol.com,1
zmxu,1
samkap,1
ahmadk,1
trooobrit,1
darbarskip,3
smartgirl0204,1
rrolex,1
cudd8963@aol.com,2
otan1810,8
ctlisalisa,1
minni36,1
ojjuice2@aol.com,1
libobo,1
kinkino,5
watchv70t5,2
markcic@aol.com,2
24knice,1
rikluttmer,2
larryr911,1
kpimp4life76,2
jseid,1
kjezell,1
restdynamics,17
naplboy,1
gotpayd,2
carloss8055,9
capitalsquare,1
jennou,3
bally29,5
va2ca,1
klove86650@aol.com,1
2000joe,1
afaucher,1
ojbiii,1
leonardcohenfan,2
buyall5,1
froilanda,3
marky63,7
chevysred,3
ccd79,3
dema_luli,1
acbre,1
kimbo930,1
rnmichelle,2
doogie360,1
cberdouare,1
iiiimd,1
bsesum,1
adcc007,1
localkats,1
apfb@excite.com,1
vickiejaykay,1
photosflasher,6
anjara,2
nostalgic5,1
mroth1099,1
gate99,1
trunkbath,13
fossil73,1
poplim,1
wlp@mediaone.net,3
rplfunding,2
snb11,1
2jeweleyes,1
blackdot,4
fxschmidt,1
lc30,4
dressy-bessy,5
akapson,2
mrm0214@yahoo.com,1
gm492@columbia.edu,1
homer88,1
stesteste,4
akryzak,2
dleggoe@msn.com,4
queenbebe71,3
swedish1@uswestmail.net,2
c5193,1
saphi7171@amexol.net,9
hover@ucnsb.net,1
oschoffst,3
msvail,2
eosnead@aol.com,2
pcsoftwareman,6
rehmv,1
daviddonofrio,1
gntburke,2
eddsport,1
dennisthemenace1,1
josephvkuca@msn.com,1
haring123,1
gladioly68,1
freembd,17
anncm77@aol.com,1
ccie51xx,1
amskymom,5
jpamro@aol.com,3
juseas,4
jepattiii,1
wpope,1
didckdtn,3
perrymd,7
fjfds@aol.com,2
kona-java,1
jannypie1,1
svm2k,2
doc213,1
kvam@home.com,2
biggeo@hotmail.com,1
lola723,3
dollfacepumpkin,1
watchlover24,1
el_coleccionista,1
jimboysan,6
wschorer@earthlink.net,1
mdalo36124@aol.com,2
juliehoganson@hotmail.com,1
dave3024,1
netabe,8
dedesz,3
norijett,1
sunent31,1
bogdanbost,7
imagine_777@msn.com,1
aprefer,1
coharley,2
adihcu,3
davidg411@aol.com,1
albertmiller,1
dtorres@law.com,1
sophiecorbett,4
sami-girl,4
greenrobe,1
nguyenat@san.rr.com,4
markalansc,2
enthalpy1,1
overflowingcloset,6
k.daruwala@btconnect.com,4
mdhallin,2
zatsplits@aol.com,2
skipmrt@aol.com,1
tori5678@aol.com,1
criteen,1
en-igma,4
renob2,1
brigidsboy,2
smileoften,4
mouse0919,1
iwantu2,2
vat15@earthlink.net,3
jackofspeed,1
cindy4779,9
rskala@easytel.net,2
paudst,2
mgicatwoman,6
aegean-2001,2
cvmiami1,15
corbatas,4
ljr32,1
jtr777@aol.com,1
pascal1666,19
fveta,2
boxsterbear,7
alfietravers,4
sunday322,1
gjunca,1
earljrainbow,2
signedpiecesinc,3
gisbert,6
bosomvie,1
tealeaf9,3
crta@ti.com,2
mmedina@calcsea.org,6
singdiam,1
dream4321,3
pegcll,1
hartmuto,5
sirocco@prodigy.net,4
baby1228,4
northwestportlandtrader,4
awinningbid,2
rumpelstillskin,3
boraborabora,4
saharriet,1
jdrinaz,1
mkb98,3
vkmathews,4
dispassion,1
timevu,2
djpjohn@aol.com,1
mjopusone@aol.com,2
goldplease,1
geemeetee@aol.com,4
dalear6@aol.com,1
faerbergallery@prodigy.ne,1
jsteinpsy,1
gmorgan@elliman.com,1
ykelectro@hotmail.com,2
nana-tyler,11
yoder9,1
vdukat,6
valleart,1
averart,1
rkq,1
hestellguru,1
luxustoys,1
19750926o,14
vangoghbouvie,6
tab999@msn.com,2
albatross007,2
marcusclick,5
tomita-fukuyo,1
lass1004,22
morerd,1
sandragian,3
ewe1950,3
magicl1,1
jemnich@yahoo.com,1
pat72741,1
happykid,2
mkorengel,1
dgulkis@mcdata.com,1
glenpi,1
dadjr@stargate.net,1
rachelle@graciessafeharbo,1
vkns,4
hbhandre,5
puppypuppy,2
artkall,2
duffield,1
m3zy6,1
7794369,2
scottuysal77,1
princess-ginger,1
ralph.oman@dechert.com,2
butchballs,13
regman324,1
honeycakesmoney,10
aninanin,2
grayfirm,2
vpolyak,7
chi-town7,1
tigerwhisper,1
bobfitz@bellsouth.net,1
adammurry,16
mccoy@svn.net,1
imurreson4living,1
myactreasures,6
bcembor,2
boytoyyy,1
ro50014,2
ifonawintersnightatravell,2
loreparra@excite.com,3
superstore4less,2
deroode,2
fossil1973,2
afrye37076@aol.com,1
justine@701701.com,1
sigsrus,2
lafontant155,1
nickoftimeblue,1
oseo,1
futurepilot,1
investmoore2,2
why18,1
kylix,1
arnoldpwc,1
gopokesskeeter,1
jillkilleen,1
lacagnina,8
duderino,3
friscotheman@aol.com,2
