<?xml version="1.0" encoding="UTF-8"?>
<features name="akka.features-${project.version}" xmlns="http://karaf.apache.org/xmlns/features/v1.0.0">

    <feature name='osgi-compendium' description='OSGi compendium feature' version='${osgi.version}' resolver='(obr)'>
        <bundle start-level="10">mvn:org.osgi/org.osgi.compendium/${osgi.version}</bundle>
    </feature>

    <feature name='scala' description='Scala' version='${scala.version}' resolver='(obr)'>
      <bundle start-level="15">mvn:org.scala-lang/scala-library/${scala.version}</bundle>
      <bundle start-level="15">mvn:org.scala-lang/scala-reflect/${scala.version}</bundle>
      <bundle start-level="15">mvn:org.scala-lang.modules/scala-java8-compat_2.11/0.7.0</bundle>
    </feature>

    <feature name='uncommons-maths' description='Uncommons Maths' version='${uncommons-maths.version}' resolver='(obr)'>
        <!-- TODO replace this with upstream uncommons maths 1.2.3 which is OSGi enabled -->
        <bundle start-level="20">mvn:com.typesafe.akka.akka-sample-osgi-dining-hakkers/uncommons/${project.version}</bundle>
    </feature>

    <feature name='netty' description='Netty feature' version='${netty.version}' resolver='(obr)'>
        <bundle start-level="20">mvn:io.netty/netty/${netty.version}</bundle>
    </feature>

    <feature name='leveldb' description='LevelDB feature' version='${leveldb.version}' resolver='(obr)'>
        <bundle start-level="20">wrap:mvn:org.iq80.leveldb/leveldb/${leveldb.version}</bundle>
        <bundle start-level="20">wrap:mvn:org.fusesource.leveldbjni/leveldbjni-all/${leveldbjni.version}</bundle>
    </feature>

    <feature name='typesafe-config' description='Lightbend config' version='${typesafe.config.version}' resolver='(obr)'>
        <bundle start-level="25">mvn:com.typesafe/config/${typesafe.config.version}</bundle>
    </feature>

    <feature name='akka' description='Akka' version='${akka.version}' resolver='(obr)'>
        <feature version="${scala.version}">scala</feature>
        <feature version="${netty.version}">netty</feature>
        <feature version="${uncommons-maths.version}">uncommons-maths</feature>
        <feature version="${typesafe.config.version}">typesafe-config</feature>
        <feature version="${leveldb.version}">leveldb</feature>
        <bundle start-level="20">mvn:com.typesafe.akka/akka-protobuf_${scala.dep.version}/${akka.version}</bundle>
        <bundle start-level="30">mvn:com.typesafe.akka/akka-actor_${scala.dep.version}/${akka.version}</bundle>
        <bundle start-level="30">mvn:com.typesafe.akka/akka-osgi_${scala.dep.version}/${akka.version}</bundle>
        <bundle start-level="30">mvn:com.typesafe.akka/akka-remote_${scala.dep.version}/${akka.version}</bundle>
        <bundle start-level="30">mvn:com.typesafe.akka/akka-cluster_${scala.dep.version}/${akka.version}</bundle>
        <bundle start-level="30">mvn:com.typesafe.akka/akka-persistence_${scala.dep.version}/${akka.version}</bundle>
        <bundle start-level="30">mvn:com.typesafe.akka/akka-slf4j_${scala.dep.version}/${akka.version}</bundle>
    </feature>

    <feature name='dining-hakker' description='Akka Dining Hakker Sample' version='${project.version}' resolver='(obr)'>
        <feature version="${akka.version}">akka</feature>
        <bundle start-level="50">mvn:com.typesafe.akka.akka-sample-osgi-dining-hakkers/api/${project.version}</bundle>
        <bundle start-level="50">mvn:com.typesafe.akka.akka-sample-osgi-dining-hakkers/core/${project.version}</bundle>
        <bundle start-level="50">mvn:com.typesafe.akka.akka-sample-osgi-dining-hakkers/command/${project.version}</bundle>
    </feature>
</features>
