<configuration>
    <appender name="STDOUT" target="System.out" class="ch.qos.logback.core.ConsoleAppender">
        <encoder>
            <pattern>%d{HH:mm:ss.SSS} %-5level [%logger{36}] [%X{sourceThread}] - %msg%n</pattern>
        </encoder>
    </appender>

    <logger name="com.datastax.driver.core.QueryLogger.NORMAL" level="INFO"/>
    <logger name="com.datastax.driver.core.QueryLogger.ERROR" level="DEBUG"/>
    <logger name="com.datastax.driver.core.QueryLogger.SLOW" level="DEBUG"/>
    <logger name="com.datastax.driver.core.Connection" level="INFO"/>
    <logger name="com.codahale.metrics" level="INFO"/>

    <root level="INFO">
        <appender-ref ref="STDOUT"/>
    </root>

</configuration>
