<?xml version='1.0' encoding='ISO-8859-1'?>
<data>
    <country name="Liechtenstein">
        <rank>1</rank>
        <year>2008</year>
        <gdppc>141100</gdppc>
        <neighbor direction="E" name="Austria"/>
        <neighbor direction="W" name="Switzerland"/>
    </country>
    <country name="Singapore">
        <rank>4</rank>
        <year>2011</year>
        <gdppc>59900</gdppc>
        <neighbor direction="N" name="Malaysia"/>
    </country>
    <country name="Panama">
        <rank>68</rank>
        <year>2011</year>
        <gdppc>13600</gdppc>
        <neighbor direction="W" name="Costa Rica"/>
        <neighbor direction="E" name="Colombia"/>
    </country>
</data>